/*
 Navicat MySQL Data Transfer

 Source Server         : mac.int
 Source Server Version : 50509
 Source Host           : localhost
 Source Database       : renose

 Target Server Version : 50509
 File Encoding         : utf-8

 Date: 06/17/2012 03:45:02 AM
*/

SET NAMES utf8;
SET FOREIGN_KEY_CHECKS = 0;

-- ----------------------------
--  Table structure for `calendar_entries`
-- ----------------------------
DROP TABLE IF EXISTS `calendar_entries`;
CREATE TABLE `calendar_entries` (
  `id` int(11) NOT NULL AUTO_INCREMENT,
  `user_id` int(11) NOT NULL,
  `day` date NOT NULL,
  `type` int(11) NOT NULL,
  `created` datetime NOT NULL,
  `modified` datetime NOT NULL,
  PRIMARY KEY (`id`)
) ENGINE=InnoDB AUTO_INCREMENT=4 DEFAULT CHARSET=utf8;

-- ----------------------------
--  Records of `calendar_entries`
-- ----------------------------
BEGIN;
INSERT INTO `calendar_entries` VALUES ('1', '1', '2011-12-24', '1', '0000-00-00 00:00:00', '0000-00-00 00:00:00'), ('2', '1', '2012-12-24', '1', '0000-00-00 00:00:00', '0000-00-00 00:00:00'), ('3', '1', '2012-05-01', '1', '0000-00-00 00:00:00', '0000-00-00 00:00:00');
COMMIT;

-- ----------------------------
--  Table structure for `jobs`
-- ----------------------------
DROP TABLE IF EXISTS `jobs`;
CREATE TABLE `jobs` (
  `id` int(11) NOT NULL AUTO_INCREMENT,
  `name` varchar(255) NOT NULL,
  `created` datetime NOT NULL,
  `modified` datetime NOT NULL,
  PRIMARY KEY (`id`)
) ENGINE=InnoDB AUTO_INCREMENT=3 DEFAULT CHARSET=utf8;

-- ----------------------------
--  Records of `jobs`
-- ----------------------------
BEGIN;
INSERT INTO `jobs` VALUES ('1', 'Fachinformatiker - Anwendungsentwicklung', '0000-00-00 00:00:00', '0000-00-00 00:00:00'), ('2', 'fiae', '2012-06-07 19:01:07', '2012-06-07 19:01:07');
COMMIT;

-- ----------------------------
--  Table structure for `profiles`
-- ----------------------------
DROP TABLE IF EXISTS `profiles`;
CREATE TABLE `profiles` (
  `id` int(11) NOT NULL AUTO_INCREMENT,
  `user_id` int(11) NOT NULL,
  `first_name` varchar(255) NOT NULL,
  `last_name` varchar(255) NOT NULL,
  `street` varchar(255) DEFAULT NULL,
  `zip_code` int(5) DEFAULT NULL,
  `city` varchar(255) DEFAULT NULL,
  `birthplace` varchar(255) DEFAULT NULL,
  `birthday` date DEFAULT NULL,
  `job_id` int(11) DEFAULT NULL,
  `company` varchar(255) NOT NULL,
  `branch` varchar(255) NOT NULL,
  `created` datetime NOT NULL,
  `modified` datetime NOT NULL,
  `start_training_period` date NOT NULL,
  `end_training_period` date NOT NULL,
  `contract_registered` date NOT NULL,
  `contract_signed` date NOT NULL,
  `assigned_board_of_trade` varchar(255) NOT NULL COMMENT 'zuständige ihk',
  `past` text NOT NULL,
  PRIMARY KEY (`id`),
  UNIQUE KEY `user_id` (`user_id`)
) ENGINE=InnoDB AUTO_INCREMENT=4 DEFAULT CHARSET=utf8;

-- ----------------------------
--  Records of `profiles`
-- ----------------------------
BEGIN;
INSERT INTO `profiles` VALUES ('1', '1', 'Admin', 'reNose', '', null, '', '', '1999-01-01', '1', '', '', '0000-00-00 00:00:00', '2012-05-29 11:04:07', '2010-09-01', '2012-05-29', '2012-01-01', '2012-01-01', '', ''), ('2', '2', 'Simon', 'Wörner', 'foo', '12345', 'nope', 'rt', '1994-06-07', '2', 'firma', 'gesxghäftzstzewit', '0000-00-00 00:00:00', '2012-06-07 19:01:07', '2010-09-01', '2013-09-01', '2010-09-01', '2010-09-01', 'Region RT', ''), ('3', '3', 'Patrick', 'Hafner', 'Teststraße 1', '12345', 'Musterstadt', 'Musterort', '1992-01-01', '1', 'Example Ltd.', 'Web', '0000-00-00 00:00:00', '2012-06-15 14:40:30', '2010-01-01', '2013-01-01', '2010-01-01', '2010-01-01', 'Region Stuttgart', '1999 - 2000 : Schule\r\n1999 - 2000 : Schule\r\n1999 - 2000 : Schule\r\n1999 - 2000 : Schule\r\n1999 - 2000 : Schule');
COMMIT;

-- ----------------------------
--  Table structure for `report_activities`
-- ----------------------------
DROP TABLE IF EXISTS `report_activities`;
CREATE TABLE `report_activities` (
  `id` int(11) NOT NULL AUTO_INCREMENT,
  `report_id` int(11) NOT NULL,
  `text` text NOT NULL,
  `created` datetime NOT NULL,
  `modified` datetime NOT NULL,
  PRIMARY KEY (`id`),
  UNIQUE KEY `report_id` (`report_id`)
) ENGINE=InnoDB AUTO_INCREMENT=80 DEFAULT CHARSET=utf8;

-- ----------------------------
--  Records of `report_activities`
-- ----------------------------
BEGIN;
INSERT INTO `report_activities` VALUES ('1', '1', '-	Einführung bei Walter:<br/>-	Regeln / Werksvorschriften<br/>-	Sicherheitsunterweisung<br/>-	Betriebsbesichtigung Münsingen', '0000-00-00 00:00:00', '0000-00-00 00:00:00'), ('2', '2', '-	Rechner Formatieren<br/>-	Installieren des Betriebssystems Windows XP<br/>-	PC einrichten:<br/>-	Standard Software installieren und einrichten<br/>-	Oracle installieren und Datenbank anlegen<br/>-	TDM installieren<br/>-	CAS einrichten', '0000-00-00 00:00:00', '0000-00-00 00:00:00'), ('3', '3', '-	Aufsetzten eines Laptops für einen Kollegen<br/>-	Installieren des Betriebssystems Windows Win7 (32bit)<br/>-	Standard Software installieren und einrichten<br/>-	Einführung in das Ticketsystem', '0000-00-00 00:00:00', '0000-00-00 00:00:00'), ('4', '4', '-	Einführung in die Bedienung des Telefons<br/>-	Einführung in die Anrufannahme<br/>-	Aufbau von Schulungscomputern<br/>-	Problembehebung bei einer Lotusinstallation', '0000-00-00 00:00:00', '0000-00-00 00:00:00'), ('5', '5', '-	Virtual Maschine (VMware) aufsetzten<br/>-	Oracle und TDM installieren<br/>-	TDM Installer testen<br/>-	Einführung in die Leistungserfassung<br/>-	AMB Messebesuch', '0000-00-00 00:00:00', '0000-00-00 00:00:00'), ('6', '6', '-	Laptop Installation<br/>-	Kunden Support (Hotline / TicketXPert)<br/>-	SQL lernen', '0000-00-00 00:00:00', '0000-00-00 00:00:00'), ('7', '7', '-	Laptop Installation<br/>-	Kunden Support (Hotline / TicketXPert)', '0000-00-00 00:00:00', '0000-00-00 00:00:00'), ('8', '8', '-	„Hello World“ mit TDM Script<br/>-	Laptop Installation', '0000-00-00 00:00:00', '0000-00-00 00:00:00'), ('9', '9', '-	PC Installation<br/>-	Fehlersuche an Schulungs-PC', '0000-00-00 00:00:00', '0000-00-00 00:00:00'), ('10', '10', '-	Laptop & PC Installation<br/>-	Spiegelung der TDM Software vom Messerechner:<br/>-	Robocopy für das Filesystem<br/>-	Export / Import für die Datenbank', '0000-00-00 00:00:00', '0000-00-00 00:00:00'), ('11', '11', '-	SQL lernen<br/>-	Arbeit an den SQL-Dateien für das Setup<br/>-	Prüfung der neuen SQL-Dateien bzw. dem Setup', '0000-00-00 00:00:00', '0000-00-00 00:00:00'), ('12', '12', '-	SQL*Plus – Spool von der Datenbank mit Hilfe eines selbst geschriebenen Scripts', '0000-00-00 00:00:00', '0000-00-00 00:00:00'), ('13', '13', '-	Programm schreiben, um doppelte Einträge aus einer XML-Datei zu entfernen.', '0000-00-00 00:00:00', '0000-00-00 00:00:00'), ('14', '14', '-	TDM V4 Script für Kunden anpassen<br/>-	Azubi Projektbesprechung Workshop Manager<br/>o	Datenbank-Aufbau<br/>o	User-Anmeldung: Single Sign-On (SSO)', '0000-00-00 00:00:00', '0000-00-00 00:00:00'), ('15', '15', '-	Datenbank Schema Vergleichen (verschiedene Datenbanken)<br/>o	Testen verschiedener Tools<br/>o	Planung eigen Entwicklung', '0000-00-00 00:00:00', '0000-00-00 00:00:00'), ('16', '16', '-	Eigenes Tool zum Datenbank Vergleich entwickeln (DB-Diff)<br/>o	DB Aufbau analysieren<br/>o	Schema Abfrage in .Net testen', '0000-00-00 00:00:00', '0000-00-00 00:00:00'), ('17', '17', '-	Urlaub', '0000-00-00 00:00:00', '0000-00-00 00:00:00'), ('18', '18', '-	Urlaub', '0000-00-00 00:00:00', '0000-00-00 00:00:00'), ('19', '19', '-	DB Diff Tool entwickeln<br/>o	Prozeduren und deren Parameter analysieren', '0000-00-00 00:00:00', '0000-00-00 00:00:00'), ('20', '20', '-	Entwicklung von DB-Diff<br/>o	Testen und Fehler beheben<br/>o	Kleine Anpassungen<br/>-	Projekt Besprechung internes Azubi-Projekt (TWM)', '0000-00-00 00:00:00', '0000-00-00 00:00:00'), ('21', '21', '-	Entwicklung Datenbank-Tool<br/>-	VMware Rechnerinstallation<br/>-	Klassen-Diagramm in Visio erstellen', '0000-00-00 00:00:00', '0000-00-00 00:00:00'), ('22', '22', '-	Entwicklung Datenbank Tool<br/>-	Entwicklung Workshop Verwaltungs-Software', '0000-00-00 00:00:00', '0000-00-00 00:00:00'), ('23', '23', '-	Entwickelung Workshop Manager<br/>-	WPF lernen', '0000-00-00 00:00:00', '0000-00-00 00:00:00'), ('24', '24', '-	Entwickelung Workshop Manager<br/>-	WPF lernen', '0000-00-00 00:00:00', '0000-00-00 00:00:00'), ('25', '25', '-	Entwickelung Workshop Manager<br/>-	WPF lernen<br/>-	Laptop reparieren', '0000-00-00 00:00:00', '0000-00-00 00:00:00'), ('26', '26', '-	Workshop Manager entwickeln', '0000-00-00 00:00:00', '0000-00-00 00:00:00'), ('27', '27', '-	Neuen V4 Script Interpreter testen<br/>-	Webinterface um Netzwerkfreigaben zu verwalten', '0000-00-00 00:00:00', '0000-00-00 00:00:00'), ('28', '28', '-	Datenbank Update Wizard<br/>-	Mapping zu externer Schnittstelle', '0000-00-00 00:00:00', '0000-00-00 00:00:00'), ('29', '29', '-	Datenbank Update Wizard<br/>-	Logfiles unter Sybase studieren<br/>-	Laptop Installation', '0000-00-00 00:00:00', '0000-00-00 00:00:00'), ('30', '30', '-	Rechner Installation<br/>-	Datenbank Update Tool<br/>-	Mapping zu externer Schnittstelle', '0000-00-00 00:00:00', '0000-00-00 00:00:00'), ('31', '31', '-	Automatische Tests<br/>-	Mapping zu externer Schnittstelle', '0000-00-00 00:00:00', '0000-00-00 00:00:00'), ('32', '32', '-	Automatische Tests<br/>-	PC Installation', '0000-00-00 00:00:00', '0000-00-00 00:00:00'), ('33', '33', '-	PC Installation<br/>-	Automatische Tests<br/>-	Admin Tool entwickeln', '0000-00-00 00:00:00', '0000-00-00 00:00:00'), ('34', '34', '-	Automatische Tests<br/>-	PC Installation<br/>-	Vortrag vorbereiten', '0000-00-00 00:00:00', '0000-00-00 00:00:00'), ('35', '35', '-	SteadyState für Schulungsrechner untersuchen<br/>-	CrytsalReports Report anpassen<br/>-	Automatische Tests', '0000-00-00 00:00:00', '0000-00-00 00:00:00'), ('36', '36', '-	Automatische Tests mit Übersetzung<br/>-	SteadyState auf VMware testen', '0000-00-00 00:00:00', '0000-00-00 00:00:00'), ('37', '37', '-	Automatische Tests<br/>-	NAS aufbauen<br/>-	CVS Server einrichten', '0000-00-00 00:00:00', '0000-00-00 00:00:00'), ('38', '38', '-	Automatische Tests<br/>-	SteadyState - PC zurücksetzen<br/>-	Sybase Webinterface entwickeln<br/>-	Präsentation über Android vorbereiten', '0000-00-00 00:00:00', '0000-00-00 00:00:00'), ('39', '39', '-	Automatische Tests<br/>-	Fehler mit Oracle beheben<br/>-	Script von TDM V2 Script auf TDM V4 Script portieren', '0000-00-00 00:00:00', '0000-00-00 00:00:00'), ('40', '40', '-	Script Portierung<br/>-	CVS Server einrichten', '0000-00-00 00:00:00', '0000-00-00 00:00:00'), ('41', '41', '-	Automatische Tests<br/>-	V4 Script Portierung<br/>-	Versionsverwaltungssysteme untersuchen', '0000-00-00 00:00:00', '0000-00-00 00:00:00'), ('42', '42', '-	Programm zum Datenimport aus XML-Datei entwickeln<br/>-	Automatische Tests', '0000-00-00 00:00:00', '0000-00-00 00:00:00'), ('43', '43', '-	XML Import Programm<br/>-	Automatische Tests<br/>-	Versionsverwaltungssysteme untersuchen', '0000-00-00 00:00:00', '0000-00-00 00:00:00'), ('44', '44', '-	Updaten von VMware Systemen<br/>-	Automatische Tests', '0000-00-00 00:00:00', '0000-00-00 00:00:00'), ('45', '45', '-	XML Import Programm<br/>-	Automatische Tests', '0000-00-00 00:00:00', '0000-00-00 00:00:00'), ('46', '46', '-	XML Import Porgram<br/>-	Automatische Tests', '0000-00-00 00:00:00', '0000-00-00 00:00:00'), ('47', '47', '-	Sybase auf USB-Stick lauffähig machen<br/>-	Automation PC Installation', '0000-00-00 00:00:00', '0000-00-00 00:00:00'), ('48', '48', '-	Foursquare API für Projekt nutzen<br/>-	PC Installation', '0000-00-00 00:00:00', '0000-00-00 00:00:00'), ('49', '49', '-	Foursquare API für Projekt nutzen<br/>-	Einbau von NAS in Server Reck<br/>-	PC Installation', '0000-00-00 00:00:00', '0000-00-00 00:00:00'), ('50', '50', '-	Sybase auf USB Stick<br/>-	Automatische Tests', '0000-00-00 00:00:00', '0000-00-00 00:00:00'), ('51', '51', '-	Sybase auf USB Stick<br/>-	Kundenzufriedenheitsumfrage (Web)', '0000-00-00 00:00:00', '0000-00-00 00:00:00'), ('52', '52', '-	Urlaub', '0000-00-00 00:00:00', '0000-00-00 00:00:00'), ('53', '53', '-	Urlaub', '0000-00-00 00:00:00', '0000-00-00 00:00:00'), ('54', '54', '-	Urlaub', '0000-00-00 00:00:00', '0000-00-00 00:00:00'), ('55', '55', '-	Interne Schulung<br/>-	YouSend It Analyse', '0000-00-00 00:00:00', '0000-00-00 00:00:00'), ('56', '56', '-	Laptop Installation<br/>-	Automatische Tests', '0000-00-00 00:00:00', '0000-00-00 00:00:00'), ('57', '57', '-	CVS Server testen<br/>-	Automatische Tests<br/>-	YouSend It einbauen / testen', '0000-00-00 00:00:00', '0000-00-00 00:00:00'), ('58', '58', '-	Entwicklung eines eigenen Dateiaustauschtools', '0000-00-00 00:00:00', '0000-00-00 00:00:00'), ('59', '59', '-	Laptop Installation<br/>-	Workshop vorbereiten<br/>-	Dateiaustauschtool entwickeln', '0000-00-00 00:00:00', '0000-00-00 00:00:00'), ('60', '60', '-	Dateiaustauschtool entwickeln', '0000-00-00 00:00:00', '0000-00-00 00:00:00'), ('61', '61', '-	Dateiaustauschtool entwickeln', '0000-00-00 00:00:00', '0000-00-00 00:00:00'), ('62', '62', '-	Dateiaustausch Tool entwickeln<br/>-	Script Fehler analysieren und beheben', '0000-00-00 00:00:00', '0000-00-00 00:00:00'), ('63', '63', '-	Dateiaustausch Tool entwickeln<br/>-	TLS auf USB Stick mit Sybase in Betrieb nehmen', '0000-00-00 00:00:00', '0000-00-00 00:00:00'), ('64', '64', '-	Krank', '0000-00-00 00:00:00', '0000-00-00 00:00:00'), ('65', '65', '-	Maske für ToDo entwickeln<br/>-	Dateiaustausch Tool entwickeln', '0000-00-00 00:00:00', '0000-00-00 00:00:00'), ('66', '66', '-	Masken Entwicklung<br/>-	VMware aufsetzen<br/>-	Webprojekt', '0000-00-00 00:00:00', '0000-00-00 00:00:00'), ('67', '67', '-	Datenaustausch Tool entwickeln<br/>-	PC Installation', '0000-00-00 00:00:00', '0000-00-00 00:00:00'), ('68', '68', '-	Urlaub', '0000-00-00 00:00:00', '0000-00-00 00:00:00'), ('69', '69', '-	Urlaub', '0000-00-00 00:00:00', '0000-00-00 00:00:00'), ('70', '70', '-	Urlaub', '0000-00-00 00:00:00', '0000-00-00 00:00:00'), ('71', '71', '-	Schulungsrechner einrichten<br/>-	Hardwarelager aufräumen', '0000-00-00 00:00:00', '0000-00-00 00:00:00'), ('72', '72', '-	Intranet mit Wordpress aufsetzen<br/>-	Neue Test Software: Proof of Concept', '0000-00-00 00:00:00', '0000-00-00 00:00:00'), ('73', '73', '-	Dateiaustausch Tool entwickeln<br/>-	Schulungsrechner einrichten', '0000-00-00 00:00:00', '0000-00-00 00:00:00'), ('74', '74', '-	Script Entwicklung<br/>-	Workshops planen / ausarbeiten', '0000-00-00 00:00:00', '0000-00-00 00:00:00'), ('75', '75', '-	Script Entwicklung', '0000-00-00 00:00:00', '0000-00-00 00:00:00'), ('76', '76', '-	Maske erweitern<br/>-	Schulungsrechner einrichten', '0000-00-00 00:00:00', '0000-00-00 00:00:00'), ('77', '77', '-	Dateiaustausch Tool entwickeln', '0000-00-00 00:00:00', '0000-00-00 00:00:00'), ('78', '78', '-	Dateiaustausch Tool entwickeln<br/>-	Intranet anpassen', '0000-00-00 00:00:00', '0000-00-00 00:00:00'), ('79', '79', 'Foo Tätigkeit', '2012-06-15 08:58:42', '2012-06-15 08:58:42');
COMMIT;

-- ----------------------------
--  Table structure for `report_instructions`
-- ----------------------------
DROP TABLE IF EXISTS `report_instructions`;
CREATE TABLE `report_instructions` (
  `id` int(11) NOT NULL AUTO_INCREMENT,
  `report_id` int(11) NOT NULL,
  `text` text,
  `created` datetime NOT NULL,
  `modified` datetime NOT NULL,
  PRIMARY KEY (`id`),
  UNIQUE KEY `report_id` (`report_id`)
) ENGINE=InnoDB AUTO_INCREMENT=79 DEFAULT CHARSET=utf8;

-- ----------------------------
--  Records of `report_instructions`
-- ----------------------------
BEGIN;
INSERT INTO `report_instructions` VALUES ('1', '1', '', '0000-00-00 00:00:00', '0000-00-00 00:00:00'), ('2', '2', 'TDM V4<br/><br/>TDM V4 ist eine umfassende Betriebsmittelorganisation für alle Bereiche in Ihrem <br/>Unternehmen.<br/>Die Funktionen der einzelnen TDM Module vereinfachen Ihre Organisation, machen Arbeitsprozesse wirtschaftlicher sowie qualitativ hochwertig.<br/><br/>Das TDM System besteht aus der leistungsfähigen TDM Datenbank, aus dem TDM Basismodul zur Stammdatenorganisation sowie aus weiteren variablen Modulen, die passend für verschiedene Anforderungen ein-setzbar sind.', '0000-00-00 00:00:00', '0000-00-00 00:00:00'), ('3', '3', 'Ticketsystem (TicketXPert.NET)<br/><br/>-	Kunden schreiben eine Email an den Support, die von System in ein Ticket umgewandelt wird.<br/>-	System sucht Kunden in der Datenbank durch Email-Adresse und gibt diesen ggf. an.<br/>-	Ticket wird Klassifiziert, Wartung wird geprüft und Kunde wird ggf. manuell festgelegt.<br/>-	Ticket wandert in den First-Level und wird bearbeitet.', '0000-00-00 00:00:00', '0000-00-00 00:00:00'), ('4', '4', 'Zahlensysteme<br/><br/>-	Dezimal:<br/>-	Basis 10<br/>-	Ziffern: 0, 1, 2, 2, 4, 5, 6, 7, 8, 9<br/><br/>-	Binär:<br/>-	Basis 2 -> 2er Potenzen<br/>-	Ziffern: 0, 1<br/><br/>-	Hexadezimal:<br/>-	Basis 16<br/>-	Ziffern: 0, 1, 2, 2, 4, 5, 6, 7, 8, 9, A, B, C, D, E, F', '0000-00-00 00:00:00', '0000-00-00 00:00:00'), ('5', '5', 'VMware<br/><br/>-	Ein „virtueller“ PC, auf dem sich wie gewohnt ein Betriebssystem und Programme installieren lassen. Er ist komplett getrennt vom physikalischen PC und kann auch auf anderen PC „ausgeführt“ werden.<br/>Es lassen sich so genannte „Snapshots“ anlegen, mit denen man den Stand des virtuellen PC’s speichert und jeder Zeit wieder herstellen kann. Er eignet sich also hervorragend für Tests.', '0000-00-00 00:00:00', '0000-00-00 00:00:00'), ('6', '6', 'SQL<br/><br/>-	Ist ein „Datenbank Standard“ mit dem Datenbanken abfragt, gefüllt, erstellt oder bearbeitet werden können.<br/>Da es sich um einen Standard handelt sind die Befehle bei allen SQL-Datenbanken gleich, somit kann man mit SQL an allen solchen Datenbanken arbeiten.<br/>Die Abfragen „SELECT“ z.B. lassen sich durch ein „WHERE (Bedingung)“ filtern oder es lassen sich Tabellen der Datenbank während der Abfrage zu einem Ergebnis verbinden.<br/>SQL ist also ein sehr ausgereifter Datenbank Standard.', '0000-00-00 00:00:00', '0000-00-00 00:00:00'), ('7', '7', 'WSUS<br/><br/>-	Steht für „Windows Server Update Services“.<br/>-	D.h. Windows bzw. alle Microsoft Updates werden nicht von jedem PC aus dem Internet geladen sondern von einem einzigen Server im Firmennetz. Die anderen PCs beziehen ihre Updates dann von diesem Server, dadurch wird die Internetleitung erheblich entlastet ohne dass auf die Updates verzichtet werden muss.', '0000-00-00 00:00:00', '0000-00-00 00:00:00'), ('8', '8', 'TDM Script<br/><br/>-	Um TDM anzupassen oder zu erweitern kann das an C/C++ angelehnte TDM Script verwendet werden. Man kann damit auf alle Dialoge/Masken/Module zugreifen. Man kann Variablen verwenden oder auch SQL-Abfragen ausführen.', '0000-00-00 00:00:00', '0000-00-00 00:00:00'), ('9', '9', 'Netviewer<br/><br/>-	Netviewer ist ein Programm zum Remote-Support. Man kann sich damit auf andere Rechner schalten ohne Vorort zu sein.<br/>-	Es ist möglich den Monitor zu sehen oder auch komplett die Kontrolle zu übernehmen. Was erlaubt ist bestimmt der User.<br/>-	Somit lassen sich per Netviewer Probleme vorführen oder auch behoben ohne Reisekosten oder ähnliches zu verursachen.', '0000-00-00 00:00:00', '0000-00-00 00:00:00'), ('10', '10', 'RoboCopy<br/><br/>-	Mit dem Tool „RobCopy“ lassen Datei und auch ganze Verzeichnisbäume kopieren.<br/>-	Man kann viele Parameter angeben um z.B. eine Spiegelung durch zuführen.<br/>-	Das Programm überprüft auch ob die eine Datei bereits vorhanden ist und kopiert sie ggf. nicht erneut.<br/>-	Es lassen sich aber auch z.B. Verzeichnis-Synchronisationen einrichten, somit ist „RoboCopy“ ein sehr vielfältiges Kopierprogramm das mehr kann als nur Dateien kopieren.', '0000-00-00 00:00:00', '0000-00-00 00:00:00'), ('11', '11', 'Toad<br/><br/>-	Mit dem Tool „Toad“ kann man Datenbanken analysieren und sogar direkt mit anderen vergleichen (z.B. einer alten Instanz) um Fehler in den neuen SQL-Dateien zu finden oder um zu prüfen ob Änderungen durchgeführt wurden.<br/>-	Man bekommt eine Auflistung aller Tabellen, Views, Indexen, etc. und kann diese direkt untersuchen ohne SQL-Abfragen formulieren zu müssen.<br/>-	Man kann SQL-Abfragen ausführen und diese testen, Ergebnisse von SELECT-Abfragen werden z.B. übersichtlich in einer Tabelle ausgegeben.', '0000-00-00 00:00:00', '0000-00-00 00:00:00'), ('12', '12', 'SQL*Plus – Spool<br/><br/>-	SQL*Plus lassen sich unteranderem Logfiles schreiben.<br/>-	Man kann zum Beispiel eine Abfrage auf zwei Datenbanken absetzen und danach die Logfiles vergleichen.<br/>-	Es ist möglich mit SQL*Plus per batch sql-Dateien auszuführen, somit ist es möglich per Script bestimmte Teile zweier Datenbanken zu vergleichen.', '0000-00-00 00:00:00', '0000-00-00 00:00:00'), ('13', '13', 'XML<br/><br/>-	XML steht für Extensible Markup Language. Mit ihr lassen sich Daten leicht gliedern und von Anwendungen lesen und speichern.<br/>-	Ein Vorteil von XML ist, dass die Daten als reiner Text gespeichert werden und somit von Menschen lesbar und auch änderbar sind.<br/>-	Der Aufbau ist sehr einfach gehalten und leicht verständlich.', '0000-00-00 00:00:00', '0000-00-00 00:00:00'), ('14', '14', 'Single Sign-On<br/><br/>-	Beim Single Sign-On muss sich ein User nur einmalig an seinem Computer Authentifizieren. Er kann darauf hin alle Anwendungen ohne erneute Authentifizierung nutzen.<br/><br/>Das erspart Zeit und Verwaltungsaufwand bei der Passwort Eingabe / dem ändern von Passwörtern.', '0000-00-00 00:00:00', '0000-00-00 00:00:00'), ('15', '15', 'liquiBase<br/><br/>-	LiquiBase ist ein Datenbank Tool um Revisionen von Datenbank(-Schemen) zu verwalten. Es kann Änderungen aufzeichnen und daraus SQL-Files erstellen, auch zum Up- oder Downgrade.<br/>Außerdem Unterstützt es den Vergleich zweier Datenbank-Schemen, es ist allerdings nicht möglich Ausnahmen definieren.', '0000-00-00 00:00:00', '0000-00-00 00:00:00'), ('16', '16', 'Datenbank<br/><br/>-	Eine Datenbank speichert Informationen / Daten und ermöglicht den Zugriff via Client.<br/><br/>Datenbanken lassen sich lokal installieren oder Zentral im Netzwerk, so können Daten von mehreren Computer angezeigt oder geändert werden.<br/><br/>Die Datenbank übernimmt außerdem die Verwaltung der Daten, somit muss eine Anwendung sich lediglich um den Zugriff auf die Datenbank kümmern.', '0000-00-00 00:00:00', '0000-00-00 00:00:00'), ('17', '17', '', '0000-00-00 00:00:00', '0000-00-00 00:00:00'), ('18', '18', '', '0000-00-00 00:00:00', '0000-00-00 00:00:00'), ('19', '19', '.NET<br/><br/>.NET ist ein Framework, das ähnlich wie Java funktioniert. Der Programm Code wird \"zwischen\" kompiliert und beim ausführen vom Just-in-Time Compiler in wirklich ausführbaren Code.<br/>Das Framework enthält ausserdem jede Menge Funktionen die häufige Aufgaben erleichtern oder bereits Implementieren.', '0000-00-00 00:00:00', '0000-00-00 00:00:00'), ('20', '20', 'Visio<br/><br/>-	Ist ein Microsoft Office Produkt das im nicht im normalen Office Paket enthalten ist.<br/>-	Mit ihm lassen sich alle möglichen Abläufe / Aufbauten in/von Firmen darzustellen.<br/>-	Es lassen sich z.B. Schaltpläne oder Hauspläne zeichnen.', '0000-00-00 00:00:00', '0000-00-00 00:00:00'), ('21', '21', 'LINQ<br/><br/>-	LINQ ist eine Abfrage Sprache für beliebige Daten direkt aus .NET.<br/>-	LINQ ist an SQL angelehnt und hat eine ähnliche Syntax.<br/>-	LINQ wird direkt in .NET bzw. C# geschrieben und mit kompiliert, was die Performance erhöht.<br/>-	Eine Erweiterung ist Parallel LINQ, die es erlaubt die Abfragen auf mehrere Threads und somit mehrere CPU’s / Kernels aufzuteilen.', '0000-00-00 00:00:00', '0000-00-00 00:00:00'), ('22', '22', 'Visual Studio<br/><br/>-	Visual Studio ist eine Entwicklungsumgebung von Microsoft.<br/>-	Sie war früher für C++ und mittlerweile für das .NET Framework und deren Sprachen ausgelegt<br/>-	Sie ist durch Plugins erweiterbar und biete viele verschiedene Funktionen.<br/>-	Unter .NET ist es sogar möglich den Code während des Debuggens zu ändern und direkt weiter auszuführen.', '0000-00-00 00:00:00', '0000-00-00 00:00:00'), ('23', '23', 'WPF<br/><br/>-	Mit WPF lassen sich Oberflächen mit XAML erstellen und problemlos vom Code trennen.<br/>-	WPF basiert auf .NET und ist ab .NET 3.0 verfügbar.', '0000-00-00 00:00:00', '0000-00-00 00:00:00'), ('24', '24', 'MVVM - Pattern<br/><br/>-	Das MVVM Pattern das hinter WPF steckt dient zur Aufteilung von Code und Oberfläche.<br/>-	Es besteht aus dem Model (das die Daten beinhaltet), dem View (die Oberfläche die die Daten darstellt) und dem ViewModel (das die Verbindung zwischen Model und View herstellt).<br/>-	Wenn das Pattern eingehalten wird kann z.B. der Text in einer Textbox geändert werden und wird parallel in der Variable im Model geändert, das ganze funktioniert natürlich auch rückwärts.', '0000-00-00 00:00:00', '0000-00-00 00:00:00'), ('25', '25', 'Silverlight<br/><br/>-	Silverlight ist WPF im Webbrowser.<br/>-	Es wird ebenfalls mit XAML beschrieben und und besteht aus nahezu den gleichen Controlls.<br/>-	Es kommt ebenso das MVVM Pattern zum Einsatz.<br/>-	Und baut auf das .NET-Framework auf, bzw. auf eine Abwandlung des Frameworks.', '0000-00-00 00:00:00', '0000-00-00 00:00:00'), ('26', '26', 'Dependency Injection<br/><br/>-	Dependency Injection ist ein Entwurfsmuster bei dem Abhängigkeiten von Klassen über Schnittstellen implementiert werden.<br/>-	Ein externens Framework sorgt dann bei der Ausführung für das Erstellen und Verknüpfen von Klassen.', '0000-00-00 00:00:00', '0000-00-00 00:00:00'), ('27', '27', 'Netzwerkfreigaben<br/><br/>-	Unter Windows kann jeder Ordner im Netzwerk freigegeben werden.<br/>-	Er ist dann unter einem so genannten UNC Pfad aufrufbar \"\\pcfreigabe\".<br/>-	Freigaben lassen sich im Explorer erstellen, in der Computerverwaltung oder in der CMD / via Batch.<br/>-	Für Windows Freigaben lassen sich zusätzlich zu den Dateirechten Freigaberechte definieren.', '0000-00-00 00:00:00', '0000-00-00 00:00:00'), ('28', '28', 'EdgeCAM<br/><br/>-	EdgeCAM ist ein CAM-System für Drehen, Fräsen und Drehfräsen.<br/>-	Es dient zu Programmierung von Dreh- und Fräsmaschinen.', '0000-00-00 00:00:00', '0000-00-00 00:00:00'), ('29', '29', 'Sybase<br/><br/>-	Sybase bzw. SQL Anywhere von Sybase ist eine Datenbank.<br/>-	Die Sybase Datenbank läuft unter Windows, Max und unter mehreren UNIX Plattformen.<br/>-	Es gibt Treiber für Java, .Net und weitere Programmiersprachen / Frameworks.', '0000-00-00 00:00:00', '0000-00-00 00:00:00'), ('30', '30', 'List & Labels<br/><br/>-	List & Labels ist ein Programm um \"Reports\" zu erstellen.<br/>-	Damit lassen sich Templates erstellen die die Ausgaben von Daten bestimmen und mit denen sich diese drucken lassen.<br/>-	Die Templates können geändert werden und es besteht die Möglichkeit einer Druckvorschau.', '0000-00-00 00:00:00', '0000-00-00 00:00:00'), ('31', '31', 'MasterCAM<br/><br/>-	MasterCAM ist ein CAD-/CAM-System für Drehen, Fräsen und Drahten.<br/>-	Es dient zu Programmierung von CNC Maschinen und der Konstruktion von Teilen.', '0000-00-00 00:00:00', '0000-00-00 00:00:00'), ('32', '32', 'Unity (.NET / C#)<br/><br/>-	Unity ist in .NET eine Implementierung der Dependency Injection.<br/>-	Mit der Dependency Injection lassen sich Abhängigkeiten in Programmteilen unterbinden.<br/>-	Es werden Schnittstellen erstellt z.B. ein Interface \"Logger\" das dann von einem \"TextLogger\" oder einem \"DatenbankLogger\" implementiert wird.<br/>-	Eine Klasse die nun etwas loggen möchte nutzt das Interface \"Logger\" und in einer Konfiguratonsdatei kann dann angegeben werden welche Klasse genutzt werden soll.<br/>-	Somit lassen sich z.B. neue Implementierungen im nach hinein ausliefern oder es kann zwischen verschiedenen Implementierungen gewechselt werden.', '0000-00-00 00:00:00', '0000-00-00 00:00:00'), ('33', '33', 'TestComplete<br/><br/>-	Mit TestComplete lassen sich automatisierte Tests erstellen.<br/>-	Es gibt einen \"Recorder\" mit dem Test aufgezeichnet werden können.<br/>-	Die Tests können Nachts vollautomisch ausgeführt werden.', '0000-00-00 00:00:00', '0000-00-00 00:00:00'), ('34', '34', 'CVS<br/><br/>-	CVS dient zur Verwaltung von Dateien mit mehreren Revisionen auf einem Server.<br/>-	Somit können z.B. Änderungen nach verfolgt oder wieder rückgängig gemacht werden.<br/>-	Es lässt sich nachvollziehen wer Änderungen wann gemacht hat.', '0000-00-00 00:00:00', '0000-00-00 00:00:00'), ('35', '35', 'SteadyState<br/><br/>-	SteadyState ist ein Tool von Microsoft für Windows XP und Vista um u.a. die Rechte und Funktionen von Users einzuschränken.<br/>-	Es können z.B. bestimmte Programme oder Einstellungen in Windows gesperrt werden.<br/>-	Außerdem gibt eine Funktion um Änderungen auf der Festplatte nur temporär zu speichern und später wieder zu löschen.', '0000-00-00 00:00:00', '0000-00-00 00:00:00'), ('36', '36', 'Crystal Reports<br/><br/>-	Crystal Reports ist ein Programm um \"Reports\" zu erstellen.<br/>-	Damit lassen sich Templates erstellen die die Ausgaben von Daten bestimmen und mit denen sich diese drucken lassen.<br/>-	Die Templates können geändert werden und es besteht die Möglichkeit einer Druckvorschau.', '0000-00-00 00:00:00', '0000-00-00 00:00:00'), ('37', '37', 'Coded UI Tests<br/><br/>-	Coded UI Tests ist Bestandteil von Visual Studio 2010 und dient zu automatischen Tests.<br/>-	Die Tests werden als C# Code erstellt und können in Visual Studio ausgeführt werden.', '0000-00-00 00:00:00', '0000-00-00 00:00:00'), ('38', '38', 'Formulargenerator<br/><br/>-	Der Formulargenerator ist ein Modul von TDM mit dem es möglich ist eigene \"Formulare\" zu erstellen.<br/>-	Die Formulare bzw. die Templates werden mit List & Labels erstellt das in den Formulargenerator integriert ist.<br/>-	Außerdem können die an List & Labels übergeben Daten verwaltet werden.', '0000-00-00 00:00:00', '0000-00-00 00:00:00'), ('39', '39', 'Android<br/><br/>-	Android ist ein Smartphone Betriebsystem von Google, das auf einem Linux aufbaut.<br/>-	Es kommt ein für Smartphones optimierter Linux Kernel zum Einsatz.<br/>-	Auf dem Linux läuft eine Java-VM in der die jeweiligen \"Apps\" ausgeführt werden, die über eine API das System ansprechen können.', '0000-00-00 00:00:00', '0000-00-00 00:00:00'), ('40', '40', 'NAS<br/><br/>-	NAS steht für \"Network Attached Storage\" was so viel bedeuted wie \"An Netzwerkgebundener Speicher\" also eine Art \"Netzwekfestplatte\".<br/>-	Eine NAS ist ein \"mini Server\" der mit Festplatten ausgestattet ist und diese über das Netzwerk zur Verfügung stellt und ggf. zusätzliche Funktionen hat.', '0000-00-00 00:00:00', '0000-00-00 00:00:00'), ('41', '41', 'Mercurial<br/><br/>-	Mercurial ist ein verteiltes Versionsverwaltungssystem.<br/>-	Es wird eine lokale Kopie des Repositories angelegt an der die Änderungen eingecheckt werden.<br/>-	Diese können von jeder Kopie an jede andere übertragen werden.<br/>-	Es gibt kein zentrales Repository, es kann legediglich eines als strd. Ziel definiert werden.', '0000-00-00 00:00:00', '0000-00-00 00:00:00'), ('42', '42', 'Subversion<br/><br/>-	Subversion ist ein zentrales Versionierungssystem.<br/>-	Es gibt einen Server der alle Dateien samt Historie enthält.<br/>-	Jeder kann eine beliebige Version „auschecken“ und sich eine lokale Kopie der Version erstellen.<br/>-	Änderungen werden lokal gemacht und werden dann direkt auf den Server „eingecheckt“.<br/>-	Andere Versionen / der Verlauf kann nur beim Server abgefragt werden.', '0000-00-00 00:00:00', '0000-00-00 00:00:00'), ('43', '43', 'XAMPP<br/><br/>-	XAMPP ist eine Programm-Sammlung die u.a. einen Webserver und eine Datenbank beinhaltet und umfasst somit alle wichtigen Teile für eine Webanwendung.<br/>-	Es kommt mit zusätzlich mit einem FTP und Mailserver.<br/>-	Es dient hauptsächlich als Paket für Entwickler um schnell auf dem lokalen PC ein vollständiges System zu haben.<br/>-	Also Webserver kommt Apache zum Einsatz und Mysql als Datenbank.', '0000-00-00 00:00:00', '0000-00-00 00:00:00'), ('44', '44', 'Apache<br/><br/>-	Apache ist ein Webserver der z.B. im XAMPP Packet beinhalten ist und unter Linux Server häufig zum Einsatz kommt.<br/>-	Apache ist ein HTTP Webserver der unter allen gängigen Betriebssystemen lauffähig ist.<br/>-	Er ist Modular aufgebaut und unterstützt eine Vielzahl an Script-Sprachen u.a. bzw. viel verwendet wird PHP.<br/>-	Durch die Modularität unterstützt er z.B. SSL Verschlüsslung oder kann als Proxy-Server eingesetzt werden.', '0000-00-00 00:00:00', '0000-00-00 00:00:00'), ('45', '45', 'mySQL<br/><br/>-	mySQL ist eine Datenbank die z.B. in XAMPP enthalten ist oder auch häufig unter Linux Servern zum Einsatz kommt.<br/>-	mySQL arbeitet intern mit unterschiedlichen Datenbank Engines die auswählbar sind.<br/>-	Die Datenbank wird oft über ein PHP Script „PHP my admin“  verwaltet.', '0000-00-00 00:00:00', '0000-00-00 00:00:00'), ('46', '46', 'PHP my admin<br/><br/>-	PHP my admin ist ein PHP Script das z.B. in XAMPP enthalten ist und dient zur Verwaltung von mySQL Datenbanken.<br/>-	Es verbindet sich auf dem Server lokal auf die Datenbank und bietet je nach eingeloggtem User die entsprechenden Rechte.<br/>-	Es wird z.B. Webhostern eingesetzt bei denen jeder Kunde einen User mit Login bekommt und eine oder mehrere Datenbanken auf dem Server.<br/>-	Es bietet u.a. möglichkeiten zum User ablegen, Rechte verwalten, Datenbank anlegen und Daten In-/Export.', '0000-00-00 00:00:00', '0000-00-00 00:00:00'), ('47', '47', 'HTML<br/><br/>-	HTML ist eine XML Auszeichnungssprache, sie dient zur Erstellung einer Webseite.<br/>-	Klassische HTML Seiten sind statisch, der Inhalt ist also immer gleich, es gibt jedoch Serverseitig Skripte wie z.B. PHP die die Webseite dynamisch zusammenbauen.<br/>-	Aktuell wird HTML5 entwickelt das viele Erneuerungen und Verbesserungen beinhaltet.', '0000-00-00 00:00:00', '0000-00-00 00:00:00'), ('48', '48', 'Foursquare (API)<br/><br/>-	Foursquare ist eine App für Smartphones mit der es möglich ist sich bei Orten „ein zu checken“<br/>-	Dieser „Checkin“ in einem sog. „Venue“ kann dann auch über eine API abgefragt werden.<br/>-	Damit lässt sich einiges Umsetzen z.B. eine Art Liveticker den aktuellen Besucherstand eines Messestandes anzeigt.', '0000-00-00 00:00:00', '0000-00-00 00:00:00'), ('49', '49', 'CSS<br/><br/>-	CSS steht für Cascading Style Sheets, was übersetzt „verschachtelte Gestaltungsvorlagen“ bedeutet.<br/>-	CSS wird im Zusammenhang mit HTML eingesetzt, was dieses um die Gestaltung von Text / der Webseite ergänzt.<br/>-	In der HTML Seite wird das Style Sheet verlinkt oder es wird „eingebettet“.<br/>-	Stylesheets können sich gegenseitig überschreiben, die letzte Eigenschaft zählt.', '0000-00-00 00:00:00', '0000-00-00 00:00:00'), ('50', '50', 'JavaScript<br/><br/>-	JavaScript ist eine Skriptsprache die in HTML Seiten integriert werden kann, sie wird nicht wie z.B. PHP Serverseitig ausgeführt sonder als Teil der Webseite mit übertragen und auf dem Client (Browser) ausgeführt, wenn dieser es aktiviert hat.<br/>-	Mit JavaScript lassen sich z.B. Clientseitige Validierungen realisieren um dem User das Abschicken eines Formulars mit fehlerhaften Eingaben zu ersparen.<br/>-	Es ist auch möglich den Inhalt auf der Clientseite nachträglich zu verändern oder einzelne Seiten Teile nach zu laden.', '0000-00-00 00:00:00', '0000-00-00 00:00:00'), ('51', '51', 'PHP<br/><br/>-	PHP ist eine Serverseitige Script Sprache die auf fast allen Webservern zum Einsatz kommt.<br/>-	Die PHP Syntax ist an C / C++ angelehnt und mittlerweile auch Objekt Orientiert.<br/>-	Es gibt sehr viele Webanwendungen die auf PHP setzen.', '0000-00-00 00:00:00', '0000-00-00 00:00:00'), ('52', '52', '-', '0000-00-00 00:00:00', '0000-00-00 00:00:00'), ('53', '53', '-', '0000-00-00 00:00:00', '0000-00-00 00:00:00'), ('54', '54', '-', '0000-00-00 00:00:00', '0000-00-00 00:00:00'), ('55', '55', 'CakePHP<br/><br/>-	CakePHP ist ein PHP Framework das viele Grundlegende Aufgaben bei der Entwicklung einer Webanwendung übernimmt.<br/>-	Es hat zusätzlich viele Regeln, die bei Einhaltung Konfigurationen nahezu Überflüssig macht.<br/>-	Es baut außerdem auf das Model, View Controller Pattern auf, das vorschreibt das Logik im Controller, der Inhalt im View und das Daten spezifisches im Model sein müssen.', '0000-00-00 00:00:00', '0000-00-00 00:00:00'), ('56', '56', 'NetBeans<br/><br/>-	NetBeans ist eine in Java entwickelte Entwicklungsumgebung (IDE) für Java, C++ und PHP.<br/>-	NeatBeans ist Modular aufgebaut, es kann also durch Plugins erweitert werden.<br/>-	Es lässt sich nur für eine der Sprachen, mehrerer oder allen zusammen nutzen, auch die Programmiersprachen sind „Plugins“<br/>-	NetBeans bietet wie alle gängigen Entwicklungsumgebungen Syntax highlighting und Autovervollständigung.', '0000-00-00 00:00:00', '0000-00-00 00:00:00'), ('57', '57', 'YouSend It<br/><br/>-	YouSend It ist ein Webdienst der das „verschicken“ von großen Dateien ermöglicht.<br/>-	Um eine Datei zu verschicken muss man einen Email Empfänger eintragen und eine Datei hochladen, der Empfänger bekommt eine Email mit einem Downloadlink.<br/>-	Außerdem ist es möglich ein YouSend It Fenster auf der eigenen Homepage einzubinden um von dort aus Dateien hochzuladen bzw. zu verschicken.', '0000-00-00 00:00:00', '0000-00-00 00:00:00'), ('58', '58', 'Lotus Notes<br/><br/>-	Lotus Notes ist ein Email Programm das viele zusätzliche Funktionen bietet.<br/>-	Unter anderem ist ein Chat „Sametime“ und ein (Gruppen-)Kalender.<br/>-	Es ist möglich die Emails Online abzurufen über einen „Webclient“.<br/>-	Außerdem lässt sich Lotus Notes in vielen Punkten erweitern / anpassen.', '0000-00-00 00:00:00', '0000-00-00 00:00:00'), ('59', '59', 'TDM „Basis Modul“<br/><br/>-	Das TDM Basis Modul umfasst alle wichtigen Funktionen zur Werkzeugverwaltung.<br/>-	Es können Komponenten, Komplettwerkzeuge sowie Werkzeuglisten verwaltet werden.<br/>-	Diese können z.B. mit 2D oder 3D Grafiken hinterlegt werden und zusätzlichen Informationen wie z.B. Technologiedaten.', '0000-00-00 00:00:00', '0000-00-00 00:00:00'), ('60', '60', 'LGM<br/><br/>-	LGM ist das Kürzel für Lagermodul und bietet die Möglichkeit in TDM Komponenten und Komplettwerkzeuge in Lagern zu verwalten.<br/>-	Außerdem bietet es Schnittstellen zu Lagerautomaten die die Ein- und Ausgabe automatisieren.<br/>-	Komplettwerkzeuge können komplett oder montierend gebucht werden. Beim letzteren werden die einzelnen Komponenten im Lager abgebucht und das Komplettwerkzeug auf die Maschine gebucht.<br/>-	Beim Buchen von der Maschine ins Lager ist demontierend Buchen möglich, was das Komplettwerkzeug in seine Komponenten zerlegt und diese auf das Lager bucht.', '0000-00-00 00:00:00', '0000-00-00 00:00:00'), ('61', '61', 'CAS<br/><br/>-	CAS steht für Computer Aided Selling und ist ein internes Module.<br/>-	Es dient zur Kundenverwalten (Adressdaten, Gekaufte Produkte, zuständiger Mitarbeiter) und Leistungserfassung.', '0000-00-00 00:00:00', '0000-00-00 00:00:00'), ('62', '62', 'Total Commander<br/><br/>-	Total Commander ist ein nach Vorbild des Norton Commanders Dateiexplorer mit zwei spaltiger Ansicht.<br/>-	Er bietet viele Funktionen und macht ein effektives Arbeiten möglich.', '0000-00-00 00:00:00', '0000-00-00 00:00:00'), ('63', '63', 'DB Visualizer<br/><br/>-	DB Visualizer ist ein Tool um Datenbanken zu untersuchen, bearbeiten oder zu erstellen.<br/>-	Es bietet die Möglichkeit sich alle Tabellen mit Spalten / Inhalt anzuzeigen und direkt „wie in Excel“ zu bearbeiten.<br/>-	Es können SQL-Statements direkt ausgeführt werden und Tabellen bearbeitet werden.<br/>-	Er wurde in Java entwickelt und kann sich über JDBC zu fast allen Datenbanken verbinnden.', '0000-00-00 00:00:00', '0000-00-00 00:00:00'), ('64', '64', '', '0000-00-00 00:00:00', '0000-00-00 00:00:00'), ('65', '65', 'Safeguard<br/><br/>-	Safeguard ist eine Software zur vollständigen Verschlüsselung von Festplatten, z.B. bei Laptops.<br/>-	Bevor der PC gestartet wird muss ein Passwort / Benutzer Login eingegeben werden, mit diesem wird die Festplatte entschlüsselt.<br/>-	Es ist ohne Eingabe von User und Passwort keine Entschlüsselung der Festplatte möglich, das dient vor allem den Schutz der Daten bei Diebstahl / Verlust des Laptops.', '0000-00-00 00:00:00', '0000-00-00 00:00:00'), ('66', '66', 'Telnet<br/><br/>-	Telnet ist ein Protokoll um sich Remote auf eine Shell eines Server einzuloggen.<br/>-	Es können alle Befehle die auch direkt am Server ausgeführt werden können über den Telnet Client ausgeführt werden.<br/>-	Die Ausgaben am Server werden an dien Client übertragen.<br/>-	Alle Übertragungen (auch Login!) sind unverschlüsselt, weshalb Telnet seit langem als unsicher gilt!', '0000-00-00 00:00:00', '0000-00-00 00:00:00'), ('67', '67', 'SSH<br/><br/>-	SSH ist wie Telnet ein Protokoll das es ermöglicht sich Remote auf die Shell eines Server zu verbinden.<br/>-	SSH ist im Gegensatz zu Telnet komplett verschlüsselt Client und Server handeln eine Verschlüsselung aus und nutzen diese.<br/>-	Seit Version 2 „SSH2“ ist es möglich über SSH nahezu alle Dienste zu nutzen.', '0000-00-00 00:00:00', '0000-00-00 00:00:00'), ('68', '68', '', '0000-00-00 00:00:00', '0000-00-00 00:00:00'), ('69', '69', '', '0000-00-00 00:00:00', '0000-00-00 00:00:00'), ('70', '70', '', '0000-00-00 00:00:00', '0000-00-00 00:00:00'), ('71', '71', 'HTTP<br/><br/>-	HTTP ist ein Protokoll um Webseiten zu Übertragen es ist das wichtigste Protokoll im Web.<br/>-	Es dient zur Übertragung sämtlicher Dateien die im Web aufgerufen werden.<br/>-	Selbst bei dynamisch erstellten Webseiten wird eine HTML Seite generiert die über http übertragen wird.<br/>-	HTTP ist ein unverschlüsseltes Protokoll für die Authentifizierung sind teilweiße Verschlüsslungen implementiert.<br/>-	Eine „Erweiterung“ von http ist HTTPS welches eine Verschlüsselung und Server Validierung bietet.', '0000-00-00 00:00:00', '0000-00-00 00:00:00'), ('72', '72', 'FTP<br/><br/>-	FTP ist ein Protokoll zur Datenübertragung das seit den Anfängen des Internets existiert.<br/>-	In der ursprünglichen Version war keine Verschlüsslung möglich wurde jedoch später durch eine Art Erweiterung ergänzt.<br/>-	Es existieren in FTP alle wichtigen Funktionen zum verwalten von Dateien auf einem Server.<br/>-	FTP Befehle werden als Text übertragen und sind auch ohne GUI einsetzbar.', '0000-00-00 00:00:00', '0000-00-00 00:00:00'), ('73', '73', 'Wordpress<br/><br/>-	Wordpress ist eine PHP Webanwendung die es ermöglicht einen „Blog“ zu erstellen.<br/>-	Es können Seiten mit „statischem“ Inhalt angelegt werden und es können immer wieder neue Beiträge in bestimmten Kategorien geschrieben werden.<br/>-	Es gibt ein Administrations Panel in dem User mit der entsprechenden Berechtigung neue Beträge veröffentlichen dürfen.', '0000-00-00 00:00:00', '0000-00-00 00:00:00'), ('74', '74', 'TCP<br/><br/>-	TCP (Transmission Control Protocol) ist eine Protokollart, auf welcher Daten zwischen Computern ausgetauscht werden sollen. Alle modernen OS können TCP und nutzen es zum Daten untereinander auszutauschen. Das Protokoll ist ein sehr zuverlässiges, verbindungsorientiertes Transportprotokoll. Es ist ein Grundlegendes Internetprotokoll.<br/><br/>-	Das Protokoll wurde über mehrere Jahre hinweg ab 1973 von R. Kahn und V. Cerf entwickelt. Der erste offizielle Standart von TCP erfolgte 1981 (RFC).<br/><br/>-	Im Unterschied zum UDP stellt das Transmission Control Protocol einen virtuellen Kanal zwischen zwei Punkten einer Netzverbindung her. In diesem Kanal können in beide Richtungen Daten gesendet werden. TCP setzt in den meisten Fällen auf das Internet-Protokoll (IP) auf, weshalb häufig die nicht ganz richtige Formulierung des „TCP- / IP- Protokoll“ zu sehen ist. TCP ist in der 4. Schicht des OSI Schichtenmodells.', '0000-00-00 00:00:00', '0000-00-00 00:00:00'), ('75', '75', 'UDP<br/><br/>-	UDP ist ein auf das minimalste reduzierte und verbindungsloses Netzwerkprotokoll, das zur Transportschicht des OSI Schichtenmodell gehört. Die Aufgabe von UDP ist , Daten den richtigen Anwendungen zuzuweisen.<br/><br/>-	Das Protokoll wurde 1977 angefangen zu entwickeln. Es ermöglicht eine einfachere Übertragung im Gegensatz zu dem großen Bruder TCP. Es wurde ein Protokoll entwickelt das nur zur Adressierung zuständig war und nicht zum sichern der Übertragungsdaten.<br/><br/>-	Um die über UDP versendeten Daten, der richtigen Anwendung auf dem Zielrechner zukommen zu lassen, werden bei UDP sogenannte Ports verwendet. Bei UDP wird die Portnummer mit gesendet. Diese Erweiterung der Host zu Host auf eine Prozess zu Prozess-Übertragung wird als Anwendungsmultiplexen und -demultiplexen bezeichnet.', '0000-00-00 00:00:00', '0000-00-00 00:00:00'), ('76', '76', 'POP3 (Post Office Protocol Version 3)<br/><br/>-	POP3 ist ein Übertragungsprotokoll, über welches ein Client E-Mails von einem E-Mail-Server abholen kann. Es wird im RFC 1939 beschrieben. POP3 ist ein ASCII-Protokoll, wobei die Steuerung der Datenübertragung durch Kommandos geschieht, die standardmäßig an den Port 110 geschickt werden.<br/><br/>Eine ständige Verbindung zum Mailserver ist bei POP3 nicht notwendig. Die Verbindung zum Server wird bei Bedarf vom Client aufgebaut und danach wieder beendet.<br/><br/>POP3 ist in der Funktionalität sehr beschränkt und erlaubt nur das Auflisten, Abholen und Löschen von E-Mails am E-Mail-Server. Für weitere Funktionalitäten wie hierarchische Mailboxen direkt am Mailserver, Zugriff auf mehrere Mailboxen während einer Sitzung, Vorselektion der E-Mails, usw. müssen Protokolle wie IMAP verwendet werden.<br/><br/>	Als Gegenstück zu POP3 zum empfangen von E-Mails wird zum versenden von E-Mails 	üblicherweise in Clients und Servern das SMTP-Protokoll implementiert.', '0000-00-00 00:00:00', '0000-00-00 00:00:00'), ('77', '77', 'Simple Mail Transport Protocol (SMTP)<br/><br/>-	Das Simple Mail Transfer Protocol (SMTP) ist ein Protokoll der Internetprotokollfamilie, das zum Austausch von E-Mails in Computernetzen dient. Es wird dabei vorrangig zum Einspeisen und zum Weiterleiten von E-Mails verwendet. Zum Abholen von Nachrichten kommen andere, spezialisierte Protokolle wie POP3 oder IMAP zum Einsatz. SMTP-Server nehmen traditionell Verbindungen auf Port 25 entgegen, neuere Server auch auf Port 587.<br/><br/>-	Da SMTP ein textbasiertes Protokoll ist, kann unter den gängigen Betriebssystemen mit dem Kommandozeilen-Programm telnet eine E-Mail auch „von Hand“ verschickt werden. Dabei wie auch bei anderen Verfahren sind Absender- und Empfängeradresse frei wählbar und eine Authentifizierung findet nicht statt. Aus diesem Grund ist die Verlässlichkeit der Absenderangabe einer E-Mail nicht gegeben. Es können sich sogar die Adressen im MAIL FROM- und RCPT TO-Kommando (sog. Envelope-From bzw. Envelope-To) von den Adressen in From: und To: im Mailheader unterscheiden.', '0000-00-00 00:00:00', '0000-00-00 00:00:00'), ('78', '78', 'Templates<br/><br/>-	Templates sind Vorlagen die bei der Generierung von HTML Seiten genutzt werden.<br/>-	Sie kommen z.B. bei Wordpress zum Einsatz und ermöglichen das Layout / Design getrennt vom Inhalt zu bearbeiten, außerdem wird es nur einmal erstellt und für den Kompletten Inhalt genutzt.<br/>-	Templates sind meistens in mehrere Teile aufgeteilt um doppelten Code / doppeltes Markup zu vermeiden.', '0000-00-00 00:00:00', '0000-00-00 00:00:00');
COMMIT;

-- ----------------------------
--  Table structure for `report_schools`
-- ----------------------------
DROP TABLE IF EXISTS `report_schools`;
CREATE TABLE `report_schools` (
  `id` int(11) NOT NULL AUTO_INCREMENT,
  `report_id` int(11) NOT NULL,
  `subject` varchar(255) NOT NULL,
  `text` text NOT NULL,
  `created` datetime NOT NULL,
  `modified` datetime NOT NULL,
  PRIMARY KEY (`id`)
) ENGINE=InnoDB DEFAULT CHARSET=utf8;

-- ----------------------------
--  Table structure for `reports`
-- ----------------------------
DROP TABLE IF EXISTS `reports`;
CREATE TABLE `reports` (
  `id` int(11) NOT NULL AUTO_INCREMENT,
  `user_id` int(11) NOT NULL,
  `year` year(4) NOT NULL,
  `week` int(2) NOT NULL,
  `number` int(11) NOT NULL,
  `department` varchar(255) NOT NULL,
  `date` date NOT NULL,
  `created` datetime NOT NULL,
  `modified` datetime NOT NULL,
  PRIMARY KEY (`id`),
  UNIQUE KEY `report` (`user_id`,`year`,`week`)
) ENGINE=InnoDB AUTO_INCREMENT=80 DEFAULT CHARSET=utf8;

-- ----------------------------
--  Records of `reports`
-- ----------------------------
BEGIN;
INSERT INTO `reports` VALUES ('1', '2', '2010', '35', '1', 'Support', '2010-09-08', '0000-00-00 00:00:00', '0000-00-00 00:00:00'), ('2', '2', '2010', '36', '2', 'Support', '2010-09-16', '0000-00-00 00:00:00', '0000-00-00 00:00:00'), ('3', '2', '2010', '37', '3', 'Support', '2010-09-28', '0000-00-00 00:00:00', '0000-00-00 00:00:00'), ('4', '2', '2010', '38', '4', 'Support', '2010-10-01', '0000-00-00 00:00:00', '0000-00-00 00:00:00'), ('5', '2', '2010', '39', '5', 'Support', '2010-10-05', '0000-00-00 00:00:00', '0000-00-00 00:00:00'), ('6', '2', '2010', '40', '6', 'Support', '2010-10-15', '0000-00-00 00:00:00', '0000-00-00 00:00:00'), ('7', '2', '2010', '41', '7', 'Support', '2010-10-19', '0000-00-00 00:00:00', '0000-00-00 00:00:00'), ('8', '2', '2010', '42', '8', 'Support', '2010-10-27', '0000-00-00 00:00:00', '0000-00-00 00:00:00'), ('9', '2', '2010', '43', '9', 'Support', '2010-11-04', '0000-00-00 00:00:00', '0000-00-00 00:00:00'), ('10', '2', '2010', '44', '10', 'Support', '2010-11-09', '0000-00-00 00:00:00', '0000-00-00 00:00:00'), ('11', '2', '2010', '45', '11', 'Entwicklung', '2010-11-18', '0000-00-00 00:00:00', '0000-00-00 00:00:00'), ('12', '2', '2010', '46', '12', 'Entwicklung', '2010-11-26', '0000-00-00 00:00:00', '0000-00-00 00:00:00'), ('13', '2', '2010', '47', '13', 'Entwicklung', '2010-11-30', '0000-00-00 00:00:00', '0000-00-00 00:00:00'), ('14', '2', '2010', '48', '14', 'Entwicklung', '2010-12-08', '0000-00-00 00:00:00', '0000-00-00 00:00:00'), ('15', '2', '2010', '49', '15', 'Entwicklung', '2010-12-15', '0000-00-00 00:00:00', '0000-00-00 00:00:00'), ('16', '2', '2010', '50', '16', 'Entwicklung', '2011-01-04', '0000-00-00 00:00:00', '0000-00-00 00:00:00'), ('17', '2', '2010', '51', '17', 'Entwicklung', '2011-01-04', '0000-00-00 00:00:00', '0000-00-00 00:00:00'), ('18', '2', '2010', '52', '18', 'Entwicklung', '2011-01-04', '0000-00-00 00:00:00', '0000-00-00 00:00:00'), ('19', '2', '2011', '1', '19', 'Entwicklung', '2011-01-13', '0000-00-00 00:00:00', '0000-00-00 00:00:00'), ('20', '2', '2011', '2', '20', 'Entwicklung', '2011-01-17', '0000-00-00 00:00:00', '0000-00-00 00:00:00'), ('21', '2', '2011', '3', '21', 'Entwicklung', '2011-01-25', '0000-00-00 00:00:00', '0000-00-00 00:00:00'), ('22', '2', '2011', '4', '22', 'Entwicklung', '2011-02-04', '0000-00-00 00:00:00', '0000-00-00 00:00:00'), ('23', '2', '2011', '5', '23', 'Entwicklung', '2011-02-09', '0000-00-00 00:00:00', '0000-00-00 00:00:00'), ('24', '2', '2011', '6', '24', 'Entwicklung', '2011-02-15', '0000-00-00 00:00:00', '0000-00-00 00:00:00'), ('25', '2', '2011', '7', '25', 'Entwicklung', '2011-02-24', '0000-00-00 00:00:00', '0000-00-00 00:00:00'), ('26', '2', '2011', '8', '26', 'Entwicklung', '2011-03-01', '0000-00-00 00:00:00', '0000-00-00 00:00:00'), ('27', '2', '2011', '9', '27', 'Entwicklung', '2011-03-10', '0000-00-00 00:00:00', '0000-00-00 00:00:00'), ('28', '2', '2011', '10', '28', 'Entwicklung', '2011-03-18', '0000-00-00 00:00:00', '0000-00-00 00:00:00'), ('29', '2', '2011', '11', '29', 'Entwicklung', '2011-03-22', '0000-00-00 00:00:00', '0000-00-00 00:00:00'), ('30', '2', '2011', '12', '30', 'Entwicklung', '2011-03-30', '0000-00-00 00:00:00', '0000-00-00 00:00:00'), ('31', '2', '2011', '13', '31', 'Entwicklung', '2011-04-05', '0000-00-00 00:00:00', '0000-00-00 00:00:00'), ('32', '2', '2011', '14', '32', 'Entwicklung', '2011-04-12', '0000-00-00 00:00:00', '0000-00-00 00:00:00'), ('33', '2', '2011', '15', '33', 'Entwicklung', '2011-04-21', '0000-00-00 00:00:00', '0000-00-00 00:00:00'), ('34', '2', '2011', '16', '34', 'Entwicklung', '2011-04-26', '0000-00-00 00:00:00', '0000-00-00 00:00:00'), ('35', '2', '2011', '17', '35', 'Entwicklung', '2011-05-04', '0000-00-00 00:00:00', '0000-00-00 00:00:00'), ('36', '2', '2011', '18', '36', 'Entwicklung', '2011-05-11', '0000-00-00 00:00:00', '0000-00-00 00:00:00'), ('37', '2', '2011', '19', '37', 'Entwicklung', '2011-05-19', '0000-00-00 00:00:00', '0000-00-00 00:00:00'), ('38', '2', '2011', '20', '38', 'Entwicklung', '2011-05-25', '0000-00-00 00:00:00', '0000-00-00 00:00:00'), ('39', '2', '2011', '21', '39', 'Entwicklung', '2011-06-03', '0000-00-00 00:00:00', '0000-00-00 00:00:00'), ('40', '2', '2011', '22', '40', 'Entwicklung', '2011-06-10', '0000-00-00 00:00:00', '0000-00-00 00:00:00'), ('41', '2', '2011', '23', '41', 'Entwicklung', '2011-06-17', '0000-00-00 00:00:00', '0000-00-00 00:00:00'), ('42', '2', '2011', '24', '42', 'Entwicklung', '2011-06-24', '0000-00-00 00:00:00', '0000-00-00 00:00:00'), ('43', '2', '2011', '25', '43', 'Entwicklung', '2011-06-30', '0000-00-00 00:00:00', '0000-00-00 00:00:00'), ('44', '2', '2011', '26', '44', 'Entwicklung', '2011-07-06', '0000-00-00 00:00:00', '0000-00-00 00:00:00'), ('45', '2', '2011', '27', '45', 'Entwicklung', '2011-07-12', '0000-00-00 00:00:00', '0000-00-00 00:00:00'), ('46', '2', '2011', '28', '46', 'Entwicklung', '2011-07-19', '0000-00-00 00:00:00', '0000-00-00 00:00:00'), ('47', '2', '2011', '29', '47', 'Entwicklung', '2011-07-28', '0000-00-00 00:00:00', '0000-00-00 00:00:00'), ('48', '2', '2011', '30', '48', 'Entwicklung', '2011-08-02', '0000-00-00 00:00:00', '0000-00-00 00:00:00'), ('49', '2', '2011', '31', '49', 'Entwicklung', '2011-08-08', '0000-00-00 00:00:00', '0000-00-00 00:00:00'), ('50', '2', '2011', '32', '50', 'Entwicklung', '2011-08-16', '0000-00-00 00:00:00', '0000-00-00 00:00:00'), ('51', '2', '2011', '33', '51', 'Entwicklung', '2011-08-17', '0000-00-00 00:00:00', '0000-00-00 00:00:00'), ('52', '2', '2011', '34', '52', 'Entwicklung', '2011-09-15', '0000-00-00 00:00:00', '0000-00-00 00:00:00'), ('53', '2', '2011', '35', '53', 'Entwicklung', '2011-09-15', '0000-00-00 00:00:00', '0000-00-00 00:00:00'), ('54', '2', '2011', '36', '54', 'Entwicklung', '2011-09-15', '0000-00-00 00:00:00', '0000-00-00 00:00:00'), ('55', '2', '2011', '37', '55', 'Entwicklung', '2011-09-21', '0000-00-00 00:00:00', '0000-00-00 00:00:00'), ('56', '2', '2011', '38', '56', 'Entwicklung', '2011-09-27', '0000-00-00 00:00:00', '0000-00-00 00:00:00'), ('57', '2', '2011', '39', '57', 'Entwicklung', '2011-10-05', '0000-00-00 00:00:00', '0000-00-00 00:00:00'), ('58', '2', '2011', '40', '58', 'Entwicklung', '2011-10-14', '0000-00-00 00:00:00', '0000-00-00 00:00:00'), ('59', '2', '2011', '41', '59', 'Entwicklung', '2011-10-18', '0000-00-00 00:00:00', '0000-00-00 00:00:00'), ('60', '2', '2011', '42', '60', 'Entwicklung', '2011-10-25', '0000-00-00 00:00:00', '0000-00-00 00:00:00'), ('61', '2', '2011', '43', '61', 'Entwicklung', '2011-11-03', '0000-00-00 00:00:00', '0000-00-00 00:00:00'), ('62', '2', '2011', '44', '62', 'Entwicklung', '2011-11-11', '0000-00-00 00:00:00', '0000-00-00 00:00:00'), ('63', '2', '2011', '45', '63', 'Entwicklung', '2011-11-11', '0000-00-00 00:00:00', '0000-00-00 00:00:00'), ('64', '2', '2011', '46', '64', 'Entwicklung', '2011-11-23', '0000-00-00 00:00:00', '0000-00-00 00:00:00'), ('65', '2', '2011', '47', '65', 'Entwicklung', '2011-12-01', '0000-00-00 00:00:00', '0000-00-00 00:00:00'), ('66', '2', '2011', '48', '66', 'Entwicklung', '2011-12-06', '0000-00-00 00:00:00', '0000-00-00 00:00:00'), ('67', '2', '2011', '49', '67', 'Entwicklung', '2012-01-04', '0000-00-00 00:00:00', '0000-00-00 00:00:00'), ('68', '2', '2011', '50', '68', 'Entwicklung', '2012-01-04', '0000-00-00 00:00:00', '0000-00-00 00:00:00'), ('69', '2', '2011', '51', '69', 'Entwicklung', '2012-01-04', '0000-00-00 00:00:00', '0000-00-00 00:00:00'), ('70', '2', '2011', '52', '70', 'Entwicklung', '2011-01-04', '0000-00-00 00:00:00', '0000-00-00 00:00:00'), ('71', '2', '2012', '1', '71', 'Entwicklung', '2012-01-12', '0000-00-00 00:00:00', '0000-00-00 00:00:00'), ('72', '2', '2012', '2', '72', 'Entwicklung', '2012-01-17', '0000-00-00 00:00:00', '0000-00-00 00:00:00'), ('73', '2', '2012', '3', '73', 'Entwicklung', '2012-01-24', '0000-00-00 00:00:00', '0000-00-00 00:00:00'), ('74', '2', '2012', '4', '74', 'Entwicklung', '2012-02-02', '0000-00-00 00:00:00', '0000-00-00 00:00:00'), ('75', '2', '2012', '5', '75', 'Entwicklung', '2012-02-08', '0000-00-00 00:00:00', '0000-00-00 00:00:00'), ('76', '2', '2012', '6', '76', 'Entwicklung', '2012-02-22', '0000-00-00 00:00:00', '0000-00-00 00:00:00'), ('77', '2', '2012', '7', '77', 'Entwicklung', '2012-02-22', '0000-00-00 00:00:00', '0000-00-00 00:00:00'), ('78', '2', '2012', '8', '78', 'Entwicklung', '2012-02-27', '0000-00-00 00:00:00', '0000-00-00 00:00:00'), ('79', '3', '2012', '24', '1', '', '2012-06-15', '2012-06-15 08:58:16', '2012-06-15 08:58:16');
COMMIT;

-- ----------------------------
--  Table structure for `resumes`
-- ----------------------------
DROP TABLE IF EXISTS `resumes`;
CREATE TABLE `resumes` (
  `id` int(11) NOT NULL,
  `user_id` int(11) NOT NULL,
  `sorting` int(11) DEFAULT NULL,
  `from` date NOT NULL,
  `to` date NOT NULL,
  `description` text NOT NULL,
  `created` datetime NOT NULL,
  `modified` datetime NOT NULL,
  PRIMARY KEY (`id`)
) ENGINE=InnoDB DEFAULT CHARSET=utf8;

-- ----------------------------
--  Table structure for `schedule_lessons`
-- ----------------------------
DROP TABLE IF EXISTS `schedule_lessons`;
CREATE TABLE `schedule_lessons` (
  `id` int(11) NOT NULL AUTO_INCREMENT,
  `schedule_id` int(11) NOT NULL,
  `day` int(11) NOT NULL,
  `number` int(11) NOT NULL,
  `subject` varchar(255) NOT NULL,
  `teacher` varchar(255) NOT NULL,
  `room` varchar(255) NOT NULL,
  `created` datetime NOT NULL,
  `modified` datetime NOT NULL,
  PRIMARY KEY (`id`)
) ENGINE=InnoDB AUTO_INCREMENT=38 DEFAULT CHARSET=utf8;

-- ----------------------------
--  Records of `schedule_lessons`
-- ----------------------------
BEGIN;
INSERT INTO `schedule_lessons` VALUES ('1', '1', '4', '0', 'BWL', '', '', '0000-00-00 00:00:00', '0000-00-00 00:00:00'), ('2', '1', '4', '1', 'BWL', '', '', '0000-00-00 00:00:00', '0000-00-00 00:00:00'), ('35', '1', '4', '3', 'SAE', '', '', '0000-00-00 00:00:00', '0000-00-00 00:00:00'), ('36', '1', '4', '4', 'SAE', '', '', '0000-00-00 00:00:00', '0000-00-00 00:00:00'), ('37', '1', '4', '5', 'SAE', '', '', '0000-00-00 00:00:00', '0000-00-00 00:00:00');
COMMIT;

-- ----------------------------
--  Table structure for `schedules`
-- ----------------------------
DROP TABLE IF EXISTS `schedules`;
CREATE TABLE `schedules` (
  `id` int(11) NOT NULL AUTO_INCREMENT,
  `user_id` int(11) NOT NULL,
  `created` datetime NOT NULL,
  `modified` datetime NOT NULL,
  PRIMARY KEY (`id`)
) ENGINE=InnoDB AUTO_INCREMENT=3 DEFAULT CHARSET=utf8;

-- ----------------------------
--  Records of `schedules`
-- ----------------------------
BEGIN;
INSERT INTO `schedules` VALUES ('1', '1', '0000-00-00 00:00:00', '0000-00-00 00:00:00'), ('2', '2', '2012-06-15 14:20:47', '2012-06-15 14:20:47');
COMMIT;

-- ----------------------------
--  Table structure for `users`
-- ----------------------------
DROP TABLE IF EXISTS `users`;
CREATE TABLE `users` (
  `id` int(11) NOT NULL AUTO_INCREMENT,
  `email` varchar(255) NOT NULL,
  `password` varchar(40) NOT NULL,
  `is_active` tinyint(1) NOT NULL DEFAULT '0',
  `activationkey` varchar(40) DEFAULT NULL,
  `created` datetime NOT NULL,
  `modified` datetime NOT NULL,
  PRIMARY KEY (`id`),
  UNIQUE KEY `email` (`email`)
) ENGINE=InnoDB AUTO_INCREMENT=4 DEFAULT CHARSET=utf8;

-- ----------------------------
--  Records of `users`
-- ----------------------------
BEGIN;
INSERT INTO `users` VALUES ('1', 'admin@renose.de', '67ef003adb4b7da80cf36e17fad6260b94dbcb16', '1', null, '2011-04-15 23:17:20', '2011-04-15 23:17:20'), ('2', 'simon@renose.de', '492a4d8fbf9da1a0aa036b948ff5cef09ce6b6eb', '1', null, '2011-04-16 11:45:53', '2011-04-16 11:45:53'), ('3', 'patrick@renose.de', 'ead2222b5def6d0223d8685f38cc3736be8887bf', '1', null, '2011-04-16 11:45:53', '2011-04-16 11:45:53');
COMMIT;

SET FOREIGN_KEY_CHECKS = 1;
